No.,FirstName,LastName,Profession,Age,InvitationCode
1,Vanessa,Kerr,Software Developer,55,E2jdxcy/m7le+ljK
2,Joseph,Lyman,Chemist,43,FHCk67UFJsRYGkTf24164WW/X3Glhdgs
3,Karen,Baker,Biologist,44,ag1S6tlSEZJC4B99
4,Wanda,Langdon,Biologist,31,5qRDyCpzjRV/L4bN
5,Natalie,Hodges,Personal trainer,35,yPtQV3RkCeqLw6xM
6,Ava,Walsh,Programmer,56,/cJhQLRTZkuG/FoT
7,Wendy,Pullman,Engineer,22,NBIEUGOe1+1lWE2EWaRBSg==
8,Alison,Coleman,Software Developer,46,KmZnITgToPW8FJsZx9caPaBBKOs=
9,Bella,Scott,Tester,31,P4DkOl6DORcMM1bOxMo=
10,Claire,Ball,Personal trainer,39,iSM65E+nZBEJ88R+
11,Sean,Vance,Tester,45,IYJCKvkBdSwowPJhuwS37kIgBSY=
12,Jacob,King,Biologist,21,4DGqN2Qza1KozUC9pSaWBexm+ruYOeRt
13,Tracey,King,IT,21,lfs+ErflVVqMHM66i9QyFA==
14,Anthony,Davidson,Engineer,65,heune7Zz+iUXEZ4+bktMyj2w2oc=
15,Joanne,Edmunds,iOS developer,39,TO5iRAYRuNh4IZw53db/uq8ckKGfotT2
16,Irene,MacDonald,iOS developer,20,AGmvJvxsysje2cNq2SI7v4QP3ndBjn9l
17,Sally,Edmunds,Automotive Engineer,38,a0YzsbPPjPCKpUR3mBSVXO7UoiRMCCFY
18,Bernadette,Abraham,Software Developer,41,bQTlbWPO1w8B5kWfbhQ=
19,Jacob,Sutherland,IT,48,vqRfhE0j7Urs4HWMe6AJNsZ0zWE=
20,Anthony,Nash,Programmer,27,b222lydPeDA8Zb8o
21,Karen,Short,IT,30,SzYnGkFnLH1YZx64
22,Emma,Avery,iOS developer,33,A3EYbuV2FJ3YcC6pV/sI2U2UGxI=
23,Rose,Dickens,Web Developer,47,OvcYY36j/LmuQrLYX5k=
24,Madeleine,Hughes,Software Developer,67,4c0zAUHGdrfzcKpY18g=
25,Leonard,Grant,Automotive Engineer,30,zbXv3hs6SVuFdwrNtXq7LA==
26,Bernadette,McDonald,Tester,60,Tvh/n4sdpYHshEZo
27,Tracey,Mackay,Web Developer,25,+sw9XSA/geWilp823LN+GQ==
28,Amanda,Burgess,Chemist,59,PwuC1crPTal4PEHpCwYnbMfrtjE=
29,Michelle,Wilkins,Programmer,77,5KnBzRC1kQ12iKkCIQDYQsUK
30,Nicola,Peters,Tester,32,b3EnwL+YR+A9uywutuBMUQ==
31,Bernadette,Baker,Personal trainer,43,QtAxpjsKgn35VRUQSH8=
32,Owen,North,Engineer,68,6QiB4mxXRIX3XAXasp4WBu/SdivsLUTF
33,Yvonne,Paterson,Web Developer,55,MtU5MawNoJKJmEiNd9bamRmshtU=
34,Isaac,Short,Automotive Engineer,26,6X0PyvSdaHA/q1Vd
35,Blake,Hudson,Chemist,67,T4Wl4qJQfK1n0eeG8fM=
36,Neil,Grant,Software Developer,33,bPgAfoY0mNwRxbybNdiZiQC/tI0=
37,Amanda,Clark,Automotive Engineer,24,3u+WsVYVjFqFr7LCQjCtkw==
38,Carol,Blake,Programmer,68,4wuWWphQnV2jqDTUoUACsWRN8K8=
39,Robert,Stewart,Automotive Engineer,59,WRUHsU6DFDWvDRJX
40,Peter,Brown,Software Architect,57,A51CnlReQJGDINmSpj4uug==
41,Michelle,Parr,iOS developer,24,Qcwx+Ypl7pjT6KpzofYnu1vY6CE=
42,Una,Greene,Personal trainer,24,peO2HZCKtGSLDe4c71at7Q==
43,Joanne,Mackay,Software Architect,59,bnwrY/ZPxq2jtWchyKE=
44,Boris,Greene,Automotive Engineer,39,+jyz14EtsVmpC1PMpeA=
45,Dorothy,Abraham,iOS developer,27,V9bUNJ8ulfkTVyxw
46,Brian,Churchill,Engineer,77,AT8wggE7AgEAAkEA+sn9HI6XM6JC
47,Frank,Welch,Software Developer,68,LxtABt0F12PQoysJaB8=
48,Carolyn,Brown,Biologist,38,xHWmc2m3Y/TGxupjSQC7/gSlLlA=
49,Caroline,Miller,Software Developer,62,NUykAz9lMe1Aksx21ri4wA==
50,Warren,Jackson,Personal trainer,28,5Gyu3DK3yW4XWj+s0io=
51,Melanie,Springer,Engineer,69,t0q049QWn5TVZji3tk8=
52,Lillian,McGrath,Tester,25,rNJm/2IhErV4yZK2+UCEyI59izA=
53,Julian,Walker,iOS developer,43,jnJGUSa9QLKIrMISpSi8cQ==
54,Claire,Miller,Programmer,61,vOP9lGjmX8XyN4FUV2gxVA==
55,Diana,Hart,Engineer,32,zDP4BA1jAOoS7xrtF7IqRskpMC0e63Mn
56,Jessica,Wright,Engineer,64,gJfyhNTXZL5akbScv1tRYWQ1vto=
57,Sue,Nash,Software Developer,55,pVzuFOif7nHzfvkxVVCnKrimhTA=
58,Sophie,Dyer,iOS developer,55,5X4iecRzk9aOl8AJCUHjtQ==
59,Diane,Abraham,Programmer,33,dN6TdNnS4Cm6jwk7cmWyeg==
60,Owen,Ogden,iOS developer,51,H1hJ24UdBCZ0FF2W
61,Cameron,Roberts,Personal trainer,24,VhD/wgUJykjPp/gijOFdAQ==
62,Christopher,Ellison,Chemist,30,fyQjrW0/ToATo9h49Nk=
63,Luke,Paige,Software Architect,46,532EdpmJQMYEUrU2
64,Thomas,Lawrence,Software Developer,25,KxAaPpeazXH9HNJo/p6pt1Sjv6s=
65,Bruce ,Willis,Designer,,EAAvxnBvYDdRgP99ZMEV
66,Stephanie,Rees,Chemist,70,1R/6HagEzCvfiXzK4WQ=
67,David ,Hasselhoff,Designer,,NtCt7ZFIld+4wcxN
68,Yvonne,Hudson,Tester,38,O4hN1mjTNOr3VO27/VKn4nDdByY8TBnU
69,Ella,Brown,Automotive Engineer,25,BJaFy30KhqMwUQuqQx/8XA2/IXG98j4H
70,Joe,Dowd,Web Developer,33,0/xrZTL5vzGcc7AG
71,Thomas,Alsop,Web Developer,25,cXJuQvqHAtfMrQnXON2lfa4h8HspaxPs
72,Arnold ,Schwarzenegger,Designer,,xgEZiEdnUqwQ+XWe
73,Andrew,Reid,Personal trainer,51,O0n+1/GGItsRg6MkrIuMmJaOJnY=
74,Nicholas,Anderson,Personal trainer,69,m+rIYrG6Vhm/4Pr92yk=
75,Eric ,Clapton,Designer,,6VQiS6WItF6HX7jC
76,Liam,Buckland,Software Developer,69,wmOlr7CmpNzxCxEZXp8=
77,Lillian,Stewart,Chemist,33,yvvSeZxBtLWBXcNCL2a9RCKSiko=
78,David,Mitchell,Chemist,35,Q12awlDcy6PzMX57yqfTMw==
79,Elizabeth,Russell,Chemist,39,Lxh4GGkoLTTg0agzsRlYaAIGgJg=
80,Victor,Murray,Engineer,31,hxRSxL8GDNQBmkvdPbc=
81,Rose,Lewis,Software Architect,64,vf7sQfPHkjzRXa9x
82,Carl,Miller,Software Architect,54,RzCpXWG+1iVYhUxDX/46e1BtnDQ=
83,Joshua,Powell,Personal trainer,47,gRvmjZS3MNwLTT20k6A=
84,Julie ,Andrews,Designer,,54iagkd9J6Str/wfxw==
85,Claire,Simpson,Web Developer,37,6FdUEhOsaAOWyWFtopMMbA==
86,Harry,Gray,Engineer,58,5fTM/vw2WuVGB09xn71T2SDIolQ=
87,Benjamin,Henderson,Tester,48,mAnT2NyCdFEXePXQVBCAKQ==
88,Edward,Lyman,Biologist,77,hOBRySLpUj9k300sYwIDAQABAkAN
89,Stewart,Grant,iOS developer,49,NsvvlTBQsSXTMBLH/UY=
90,Joanne,Marshall,Personal trainer,38,xq7X/K6LhUfsne7V
91,James,Blake,Programmer,60,lv0HX36DnJt2hXiekKhL+Q==
92,Evan,Langdon,Biologist,45,19+iLanRlj8rTfbrGLfhwY3vVgVJFpLf
93,Julian,Piper,Engineer,33,c8nPVHy7KJA3F1uvHCcZsUe9u0ZqaXQD
94,Sophie,Lee,Web Developer,42,24v770FJTqtVubnF1uc9OMxnOWSfkklh
95,Eric,Thomson,Chemist,26,ApOcuZQfL1kLnhHDrGZXpA==
96,Colin,Terry,Engineer,25,hKl6/Y1VEl4NEQy7lns=
97,Natalie,Watson,Engineer,60,hVwiZHYKSsLhme9m
98,Sam,Wilson,Web Developer,51,y08KePlG7IodY2QUqENbuA==
99,Megan,Arnold,Web Developer,51,y4O/PiFwidceMlzM
100,Irene,Reid,Personal trainer,48,ZZ4g/bSl4DKpyL6D
101,Keith,Paterson,Personal trainer,37,k8wB/3Q/1hF4NQcA
102,Isaac,Bailey,iOS developer,22,pn0iYynbsWuHvP95Z43O3gYL9nEiokd+
103,Stephen,Vance,Automotive Engineer,42,9bVUxpBmUgA0w05krefv6GOKFa0=
104,Luke,Harris,IT,48,eugcusSQ7E6C82IZxBAU2Q==
105,Rachel,Kelly,Engineer,26,lQY/Hm3fe2GBWmnH
106,Sebastian,Martin,Biologist,69,QVGPFWfEs5QxMlg0
107,Heather,Harris,IT,36,HKKGogh4T1gVfonw
108,Sean,James,Chemist,38,QHqwyie72ZXuqpP9
109,Jan,Stewart,Programmer,49,V+HbAj6NWyXKDQVM
110,Victor,Davies,Chemist,28,1rzkN+jHjGds34ROWjzezw==
111,David,Ross,Programmer,48,COsHQ6ah2rnfX55xq2LndQ==
112,Jessica,Alsop,Programmer,51,nKkFOf/CgRAFk6Ru6vM=
113,Liam,Howard,Automotive Engineer,67,MRsHZ8YlFBN+dLbJOCxOg5OQyW0=
114,Brian,Slater,iOS developer,29,bSFzBz7Mvv4N3eOB
115,Deirdre,Graham,Automotive Engineer,59,lTcaDlrbxYJrVZPXS5E=
116,Nicholas,Duncan,Biologist,67,dwYlQd3ML6GIQQIY8FfpIA==
117,Sue,Short,Biologist,47,LaiG4UEeor2SamcAtW5N0nJ94FM=
118,Cameron,Thomson,Chemist,26,nVMSz4mQ6B7PqJRa1+o=
119,Tim,Clarkson,Web Developer,46,lhnt5nDfZZqbs3HgNhYic6yBpqM=
120,Ella,Fisher,Engineer,39,Ot47fQLjUblPYPeHPqOuvbWqrYY=
121,Bella,Ogden,Software Architect,34,d7+YVVZqKqjbP4z2nAGfKg==
122,Pippa,Ball,Automotive Engineer,40,YTWjXH8GgUuRWsi+txzT+Ks/T78=
123,Jasmine,Greene,iOS developer,43,NK9DqctsCfw6wFc5XCzq7/ezBPiyT/Dd
124,Harry,Taylor,Chemist,22,xfIPZd6iv1fDDoZshx0=
125,Sam,Brown,Web Developer,69,Z/VfqrrFZdD8BpOL
126,Ryan,Henderson,Engineer,64,LEXdjxO6hZ/9IcEIDrzT3lDR3DEqRLL0
127,Una,McDonald,Software Architect,68,nwMc9f+KLRNB8a6AYxBU13dbLVwj3ase
128,Natalie,Young,Software Architect,34,Nv14fIBKTTkVLdbMjlzs9TZ7LClvIQ1u
129,Caroline,Simpson,Personal trainer,23,fRJzHJ0peyTdaUag3CGkPg==
130,Megan,Hart,iOS developer,63,NOYWWV2USo/V90Q+Wk0RyqzJj8fAlVkC
131,Lisa,Hughes,Personal trainer,55,uMQmx97SUFZ3XT1llIUB1LVaOhwqZ/vE
132,Amy,MacDonald,Biologist,48,k2En8KO4v4+TFQ7nubTzjEiRxjk=
133,Sebastian,Parsons,Biologist,70,g6Gy0d4QeCJA0CwW/4CBnehNt+U=
134,Joanne,McLean,IT,61,RyETQRaBKho5vkKZC1pp9+VZqvKQhY6t
135,Carl,Russell,Web Developer,42,yN8SvaNtJbFVOGk/ht29nQ==
136,Una,Hodges,iOS developer,48,5+SoFz9nzjhMiQaM
137,Theresa,Payne,Software Developer,20,tV8F5NFLFK2ITpIo4iY+/g==
138,Eric,Howard,Programmer,55,pRqNXWLV+pmNAmQe
139,Amelia,Mathis,Tester,47,C0bdSW2HkPH9z09tqF53/A==
140,Frank,Baker,Web Developer,77,o2ZsYyS93hkVub9hS4d69ent2w4iPgzU
141,Megan,Lewis,Biologist,62,FVAllTibig2e1fhoFg6NvppnfN8=
142,Stewart,Ross,Software Architect,61,dCRbndYhZwY/GL1ALA+EtnaAuZM=
143,Dominic,Marshall,Personal trainer,39,YEfVuAQO7ou9f7aaD4/qxw==
144,Carolyn,Blake,Tester,43,bwpCXvxsnAt3Nx9E
145,Gavin,Peters,Chemist,60,lbfX0vcZ0ab/YdnnD8kqAQ==
146,Bella,Smith,Programmer,33,oxUlMTCM3kJ0wybnv1Kprkv8IsZvB0gm
147,Grace,Knox,iOS developer,77,DN9W6LaH0gXeQqY+28KVeMCe25aIYkHL
148,Lauren,Vance,Personal trainer,60,ekIV5pvGUDyWDb744Ub7bA==
149,Julian,Turner,Automotive Engineer,23,YXd0r0ym4Q+yN5xozw4fFA==
150,Karen,Avery,Chemist,43,eRRrMn2PdQnx7wZxr0l7iv8VQoQ=
151,Penelope,Randall,Automotive Engineer,58,eYiPZhu/0pHkUx1Sv2LRxRF25Og=
152,Hannah,Baker,Tester,35,0NnwEG0ZdjI6XsE/
153,Amanda,Martin,Automotive Engineer,44,pmUmyfHzTh5Is3bw
154,Yvonne,Abraham,Engineer,37,44ibGpKB3zKPiZPSEfwByqtCcJv2kH1L
155,Tim,Russell,Personal trainer,25,N8Pd7+mysTVoOJvnlNdfLEvuOVUxSKDN
156,Jasmine,Hodges,Automotive Engineer,42,1zYvLDGWLzIJWciFi7pUyg==
157,Adam,Graham,IT,55,365VujbBlFA1C/G1WKs=
158,Wanda,Mills,Automotive Engineer,20,eu61uTsj8lvjYDUT+oey6LyZb39+bAby
159,Maria,Gibson,Personal trainer,40,H4APdZcMKWIe+zfA
160,Jake,Roberts,IT,20,lr5yu5pZUCmreSMmuR0J4csRlNitXypW
161,Edward,Miller,Automotive Engineer,22,rSsfFc3Ut19OKhNQ/u+xv9FLLFIUaw/i
162,Max,Baker,Automotive Engineer,29,yfQaF5bGr2aoLGnAFFuAgviglz4=
163,Harry,Sutherland,Biologist,77,8jftTU4W5R9Hs49pAz8hAiEA/ny0M7ZF
164,Karen,Bailey,Software Developer,65,qrAy4uF8s9UYF792
165,Brian,Jones,Engineer,30,YgLhkNaHeqlZ01KkAT1Zdg==
166,Leonard,Mackenzie,Automotive Engineer,54,KpLclae7awxBzMZ86mUyXg==
167,Adrian,Edmunds,iOS developer,46,NHSwmpyRzn6uxFpLBAUvHA==
168,Stephanie,Vance,Engineer,39,hNpP79IPi1L8kcnKy1LDkIYW1JJ/3p+X
169,Steven,Johnston,Tester,55,Tjjot7mHS2YNQ/uXpxajF2lOw9c=
170,Jack,Pullman,IT,62,oLjqrqQjfWeJyvYXuuw=
171,Andrea,Bell,Chemist,28,UhyOUikzCkKda0zxRFcmYg==
172,Mary,MacDonald,Chemist,55,QrTofxMKCjKZxd92gKJ/nMwSXeeQtgqI
173,Diane,Bell,Programmer,46,PWyhxWcmLi369A7AL2yUkg==
174,Trevor,Brown,Automotive Engineer,33,7ykT/jdNEzOq3jRD+jSDEkwh1cQ=
175,Jonathan,Morgan,Chemist,64,k2ipO6OAJUrFWDm+bwn8PFkFxit1kfRY
176,Deirdre,Rutherford,iOS developer,42,N8kPgaex8qmL6tnHFadnUA==
177,Joan,Hardacre,Automotive Engineer,69,ssXgq6Fl7I7Xdr0H
178,John,Short,Automotive Engineer,48,642f1qSLn0ieeoD0
179,Neil,Gray,Software Developer,28,MdfQe1+dwsuxjpnlgLRCPw==
180,Joseph,Parr,Chemist,57,dSN6UdJ9Wu7BwOWMgpA=
181,Caroline,Jackson,Chemist,57,HUDSk3vXe/FE3yga+foPSILOhFc3L6Ih
182,Eric,Knox,Personal trainer,26,mUOsMfBza6GH3W3ZU0s=
183,Neil,Payne,iOS developer,65,ad635DQheC5Vb+pFO1I=
184,Neil,Springer,iOS developer,67,lknUoLfd8LZg+1JnW3pcKQ==
185,Amelia,Rutherford,iOS developer,30,vE6ca/aP74IHJ+gH
186,Joshua,Mills,Automotive Engineer,68,Jru55ZlCP4pnCEcfH0EEVUvx34I=
187,Michael,Murray,iOS developer,26,p5zP1Q7Adf4PirNqVrw=
188,Bella,Hunter,Personal trainer,21,5D+PrMc9CdkaqzywUC5/8g==
189,Abigail,Morgan,Tester,58,26kN66l7Yb3XjVvhkcH/yA==
190,Audrey,Turner,Biologist,20,UFyLZIG7pBDgQBc7
191,Molly,Morrison,Personal trainer,27,yT9tV0fguzkYiboPNSA=
192,Kimberly,Coleman,Software Developer,77,mz+NBE8OddbvtfHtcuWXIz/o
193,Justin,Bailey,Chemist,29,3ALmbI8DSxWkQibQ
194,Caroline,Hart,iOS developer,24,3GVfiZ4A5lGazdJGoKzAakUOtKIG1j9w
195,Nathan,Morrison,Web Developer,77,iP3eX87lRrqBuqf7xpnOl42s55eAKWJO
196,Harry,Stewart,Software Architect,70,IEZHbgl9GG1nOO6UYO0=
197,Hannah,Gibson,Software Developer,50,c/X0Ir9Af1wbyzteJo4OZ0NIIC7H8IsF
198,Julian,Miller,iOS developer,61,G2H4uLGVmf6a7OqKxZ01+g==
199,Megan,Short,Chemist,66,SCvX+9c7kzIU6hTt9wOdd0twRIw=
200,Justin,Wilson,Software Architect,66,KsJAeVzeFtZNdcoJ4cU=
201,Dylan,Kelly,iOS developer,67,QpcojaJu2+Z1LQyQvNY=
202,Jonathan,Springer,Automotive Engineer,21,Ax6L9VyDkiVD1YAgCmc=
203,Charles,White,Biologist,64,EbMgaavBzbzBddBq
204,Grace,Dyer,Personal trainer,49,8iQmoj56zzGMysGsSG8KwUX7F9U=
205,Cameron,Watson,Personal trainer,41,8fq1ci5yAs7WgQ3hLkI=
206,Victoria,Smith,Engineer,44,t5v/Vt865gbUjS0KH2mlB/VVyks=
207,Christopher,Murray,Biologist,23,DgsZzpwAUBMUJDRMn18=
208,Max,Campbell,Tester,30,4dAppDoInRuuteZCaPDPgGqzvpM=
209,Jennifer,Black,Automotive Engineer,34,DPRIQsPxQlwV/lOqWzNIlg==
210,Katherine,Wilson,Programmer,34,LLP9D19gndvcYr4F
211,Stewart,Wallace,Biologist,32,bgddIooZQbY4vocTamg=
212,Carl,Wallace,Chemist,28,QYkjJUCbeFrX23RV
213,Phil,Parr,Personal trainer,36,va3oVB0zeBAehxQ/vxSuCA==
214,Harry,Springer,Biologist,22,41PbKboOUvcwNQaKBtbMOgfEazs13vBG
215,Alexander,Miller,Automotive Engineer,54,1BtX6R597Cr072wq
216,Eric,Ogden,Software Developer,29,BGDRWYWbuzLGtvw47vHMbw==
217,Melanie,Glover,Biologist,67,KBhuswNOrnppRHjqfq41lyeS26M=
218,Paul,Baker,Software Developer,42,j9D2IMrB4JjRrd2n2frObdVnFbdzyf/J
219,Gavin,Sutherland,Automotive Engineer,48,8NcZKaLBG3H6eEENopY=
220,Amy,Jones,Biologist,67,jhIuR/Ci6A76IwQHa+kI1nQobO4=
221,Ryan,Jackson,Tester,21,WwSG3IfoKQSreoRDeqHw1THsSoE=
222,Ava,Anderson,IT,45,L8/74evbJUdythEkavnMARDJ1AXC6U2Q
223,Faith,Cornish,Automotive Engineer,46,RxJfI96RAL4R0F+m
224,Angela,Cornish,Automotive Engineer,61,CDQET633CvlrvrvGn4ssw6OzZBmd0hlq
225,Jan,James,Engineer,49,ea1mU7BC7IWfg9R+UcWxuliVebw=
226,Michelle,Forsyth,Web Developer,50,dF2aLtkmG6QpOfeDto4TvOfSMzfAwoKE
227,James,Manning,Tester,68,ggAbYVNtxyiCTQe5YZBHXg==
228,Justin,Lambert,Personal trainer,24,mlj01YFI2tjDDEVBDdj2ZYkM0SanV2Ml
229,Julia,Mills,Programmer,49,4oOGzGZqv/KTOWWQIZLC663baK0=
230,Carl,McDonald,Software Developer,68,EsHkXh9XhrY3E4ONw14+fr2bdA0=
231,Jonathan,Miller,iOS developer,29,BFHKZzG14LJl3VZ/4k4=
232,Kevin,James,Tester,23,WPnALa/qAVro6CNSfUX4e0gSYmMIH4I1
233,Trevor,Jackson,Programmer,27,tQ8aAW6j2Srw+OjJM22grhFOP5a34Vht
234,Fiona,Taylor,Personal trainer,50,ocbPSsOItbsLL0ZbvqNHPoIW7bAvkFDu
235,Nathan,Reid,Biologist,24,ZAp0cpMlR7k9SszB6pI=
236,John,Henderson,Software Developer,28,LE97Cc3Ehmrs1922eZcNEv7WyWtvZFtx
237,Peter,Randall,iOS developer,32,uXK7/SS+Qqaadyje5X7EwPQBFk0=
238,Bella,Peters,Tester,57,uBQMKgilRa9PjMtPz6e7t+eu7aZL5pp0
239,Amelia,King,Personal trainer,31,2IQrYWkvPIeTZb5ia8s3fy7a684=
240,Sally,Berry,Chemist,50,7ms7eZaOYqWBbL3pAbQnBwAKb3c=
241,Kimberly,Hardacre,IT,62,6zPD0WwN8QmPqhuFicm0DCwP4HACCKWY
242,Jennifer,Tucker,Engineer,40,QIofozHEgELN9G7icVAz0A==
243,Chloe,Lewis,Biologist,46,2rwkRCH36Q1veu2J
244,Andrew,Howard,Software Developer,68,W778ZVZpgi2ZHK+1x21M5w==
245,Warren,Ross,Software Architect,26,BKUn63fufteDZyyL894u4xglpUM=
246,Amanda,Alsop,IT,66,PoctCYA4V9Fedphv
247,Heather,MacLeod,Engineer,48,VSK1MNwlU7vhP++e
248,Ryan,Baker,iOS developer,38,WoxYf+TCv2yKMqSv+xk=
249,Leonard,Dickens,Personal trainer,47,Gf8isfBc0X/sbEnc0Sfkd0UAd6k=
250,Megan,Wallace,Biologist,53,dx7sWNK8zQtfk8ot1gMDyA==
251,Virginia,Manning,Programmer,53,UbpQThXSQtzSUdtu
252,Alison,Brown,Engineer,46,vJEuqOMq6maNnCXS8iG6+g==
253,Max,Peake,Chemist,34,WiPLjA8PDW0mmGFY
254,Leah,Pullman,IT,60,xalUnsoeMVEzPuaz93qfgBT56wk=
255,Pippa,Metcalfe,IT,28,vmDRzgPs8IcHpfYcW1kLhD6mYKaLDYnk
256,James,Ferguson,Personal trainer,39,01yJVhK2KiUY26eZt/CRcqHfYOA=
257,Jonathan,Hunter,iOS developer,31,v5Iu/OUVim5JC6nDbn0=
258,Carl,Randall,Personal trainer,30,nIjl0mvnzSRTToBpWLBt7ILwFkLn8t9f
259,Diane,Wallace,Personal trainer,25,MKy/LABZUtJfKJAjv6gQvg==
260,Madeleine,Nash,Biologist,62,CAT1LDtfgzFgZEYXKiYX3vSxLccCB7EW
261,Abigail,McGrath,Software Architect,46,yLtOxue/Bjk54LHD5C1YcxBrpLKzcjE8
262,Sebastian,Allan,Engineer,43,muytjKovUqbuBXQ5i6Cplc2si3+3YZ8j
263,Jason,Hart,iOS developer,25,8A409mVhQ49POf08
264,Olivia,Sharp,iOS developer,65,z5QBVoIXO6byTiiKQQdQCGngra+tAYxP
265,Connor,Bower,Tester,62,H38CPDT7f9CAX6j8
266,Eric,Rampling,Automotive Engineer,50,DLHRtxB1b1ozK7GqPHreMg==
267,Gabrielle,Lyman,Software Developer,53,VwtCGUN3ee4J4ZOdLJU=
268,Alan,Baker,iOS developer,77,MIIBVQIBADANBgkqhkiG9w0BAQEFAASC
269,Kimberly,Black,Programmer,54,7DqyWB00lrqLVgAqmuY=
270,Richard,Hill,Web Developer,36,lkWCJIG5IYO4DX0hbQqLJtMovL5Lgjy5
271,Katherine,Welch,Software Architect,62,kF4wMc7D05XcoxTgpFA=
272,Gavin,Payne,IT,25,pW7pVPps3jod5FLV
273,Jasmine,Bond,Automotive Engineer,50,useCOMNH8URUb/P4Yfa221ozrBY=
274,Ava,Terry,Chemist,54,qke/Pg1YL1szPhdWb+I=
275,Zoe,Walker,Biologist,47,fh7zXGrfNCbfRBvp9C+XOvrunRw=
276,Wanda,North,Biologist,69,vDLhuGw602guTJQ2OhY=
277,Chloe,Peake,Automotive Engineer,29,myAlY8qjntZSnBy8mNsCaqawbsU=
278,Leah,Roberts,Personal trainer,29,1pOQrpx03BtnTWEl3Y5fV42m0avXnp4J
279,Andrew,Sharp,Biologist,63,jIcP0aVe1rv17zUzmE+7RMYBwiE=
280,Stewart,May,Chemist,52,stxI3+LR8ujJSwDlM5I=
281,Alan,MacLeod,Web Developer,31,4rUAM6PDhSIGbROgNaI=
282,Joshua,Jackson,Automotive Engineer,65,HXFnpr4TMfLZfoP8h5s48+fCN9I=
283,Benjamin,Walker,Software Architect,45,KCXxCmYbANIVMXlyEEY=
284,Kimberly,Reid,Chemist,27,V+GP1lcud3mjdXDi3KhNdYSIOnM=
285,Grace,Burgess,iOS developer,21,HkXcvPt//oTYrbpExbR6Mw==
286,Peter,Coleman,Chemist,64,tL7A71pXUwmkjm/L9pIlTEAa/+jWJ0lA
287,Sue,Turner,IT,60,EdoJJ2DoLaG/eMIAtJPp+o5pusU=
288,Alexander,Payne,IT,54,o0gS0SVr6PKuifPxUaQ=
289,Sarah,Hill,Programmer,40,uXX8dmbBeBABLXsiczLNICDyGTpPQikQ
290,Julian,White,Biologist,69,44HWODC/2gtJXkBR3VeX8UX4Kco=
291,Julia,Gibson,Biologist,69,yg/UOv62NK+tPVd6jLo=
292,Claire,McLean,Biologist,66,O90mTiGRCnpqa5ov
293,Kylie,Vaughan,Software Developer,34,7xbRdOvPATFN5h8jTnE=
294,Alan,Hughes,Chemist,65,qGSDdgxjMJe+D/Yd
295,Gabrielle,Cameron,Biologist,20,12xx8Dl2/3wNFNMJd48LAT+wjbs=
296,Olivia,Glover,Tester,77,8VSzOQIhAOzYXCgz9Gc2bnsKnUp9eAw9
297,Sally,Cameron,Chemist,33,0z8/f+nl/EMVN6xX
298,Pippa,Dyer,iOS developer,69,w6FABVGanBBDuLF6j5g0RReI3TE=
299,Hannah,Bell,Personal trainer,70,N6a2QGXGE/ue4jeOpoAPAuSQFmk=
300,Wanda,May,Engineer,42,J8OWdKbFt3karTfJohyqflvBTJQ=
301,Sophie,Walker,Engineer,47,OUyeIzuD5Tp4gvHYQwsXEfXul7Dn61qt
302,Ian,Ellison,iOS developer,22,Rs0PsMxrHOyWr47R
303,Karen,Hardacre,iOS developer,26,w7xWPcHgGAJ+qNOiGkg=
304,Rose,Dowd,IT,34,6rTwqG612t6ISlfv9nAu1J/lIQAXeEgC
305,Amelia,Graham,Tester,39,OZE7EhKK94y/b51HY68WOMvir4122NuN
306,Tracey,Bond,Programmer,59,ITbN2EDAcENme6TOZGXTKg==
307,Jane,Ferguson,iOS developer,41,1WMHvVy8cWC1b1koCJ+UucfABP04nJGj
308,Sarah,Sutherland,Biologist,42,aGz74vmK5uJCb2PcUFDcqg==
309,Connor,North,Software Developer,69,X1gQcVJQmTSCN8DMolM=
310,Pippa,Mills,iOS developer,39,qpcz1RZfwjhAafwvxHUL7Pv90uA=
311,Leah,Tucker,Biologist,64,HootUKmV8Q1OdbOv
312,Sebastian,Rees,Software Architect,22,P/igha3Z7bdy4SMWCuHGAB0sFStv4ow/
313,Emily,Reid,Engineer,49,M9fvqku49IImRapbkoy7SXYhmo1OuDPU
314,John,Dyer,Automotive Engineer,44,tYVdEe+wC8qQ3siw
315,Frank,Black,iOS developer,69,NfyU6zzWaBbj52h9N+Sf9UkLpKI=
316,Joe,Short,Automotive Engineer,34,sQR+HngFYyqnql1a7OMaUIwN9xtzIejN
317,Benjamin,Reid,Software Developer,52,cSQtU5ssX09ZXgMi
318,Joseph,Sharp,Engineer,44,Y95olRcjMk5eNvjON00F0Q==
319,Keith,Howard,Personal trainer,57,/oPcT3ELARHAyYIyLZXT4w==
320,Wendy,Brown,Chemist,48,iTNVZWe1oDEnS7Kh
321,Jennifer,Kelly,Automotive Engineer,56,Jqq4AMLHGkl08ogSZNo=
322,Melanie,Ince,Biologist,29,A1/RL9nWGSZC2MJJNQo=
323,Evan,Lewis,IT,57,wzQNF8I9eKmsfPCj+XQA19Hq7XJ/UhjI
324,Nicola,Miller,Software Developer,31,w541/D9Z3d3oAsTEFV3BKA==
325,Emily,Oliver,Programmer,56,1VZ4fZ2ZBuBnPc28
326,Piers,McLean,Web Developer,37,Bfvk3N4nnO3CZctoKhq1rg==
327,Ruth,Harris,Biologist,26,dHT+Mp/YQtKl2FKun5k=
328,Lily,Forsyth,Programmer,63,5acDCYP9pxeSfAqqGhBNH+wP4Tc=
329,Sebastian,Harris,Programmer,57,ec38tP+l/jpDK2oAcP/3Dc1W7OCojD2q
330,Jacob,Ferguson,iOS developer,57,aF0KMfMZq5mitxYEjo9RtSn1ucp3GPjq
331,Jennifer,Langdon,Software Developer,32,cFfYFR0b0J+RmBhQX0UWI8T7jzM=
332,Benjamin,Morgan,IT,36,1qEiNgGgqlbHiqT0dqVIRg==
333,Wanda,Simpson,iOS developer,21,WduvMHJhHAzYJEDVH5s=
334,Eric,Abraham,Programmer,43,KpzGoc5JU+Qt703xnIE=
335,Edward,Glover,Tester,29,IUJp5MENRM2JGY7K0CU=
336,Lauren,Sharp,IT,21,wl3F/QrNlnuNg7+yudjHe0payuw=
337,Amelia,Ellison,IT,68,PDc0gRoZDiC3yfv0
338,Madeleine,Miller,Personal trainer,55,RhzNftzMAi145C1DxkmSUTT+rDfkeiAy
339,Vanessa,Hamilton,Web Developer,65,cK+ChU4heEzvCPbfqY8lkg==
340,Diana,Rutherford,Personal trainer,52,9FUNDvB9TBavsDbljEhXCSkcK/6Jhq+7
341,Michelle,Mills,Programmer,44,ig6ed0NaoGo3s4Xk111mbQ==
342,Max,Avery,Web Developer,30,OrigxMnK6Ot2XMPSk0IHMyuPOerA8+9r
343,Jake,Forsyth,Software Developer,67,jm5u8uCCoSI+EOpPtAH/Fg==
344,Amelia,Taylor,Tester,40,gD911x7ZFG4PWEbDqGRtqQ==
345,Stephanie,Butler,Chemist,70,B5/O+MfhIAtmV3xQ
346,Robert,Baker,Tester,62,cosSKQjHKwrMDAGcL8M=
347,Keith,Fraser,Tester,47,6VlEq90H7Z+/kINC2SUP6DOWIFE=
348,Madeleine,Hill,Web Developer,22,NKGRkirIjOoyWOOCaMfMEHpJ34k=
349,Leah,Dickens,Automotive Engineer,29,xcxND6BsDI5o0GoE
350,Julia,Anderson,Personal trainer,49,HjUp708kW39fRyKRStaKM+joCN6J2qc1
351,Amelia,Randall,IT,34,sBHbHTkNs/O7+6sV1zTwbw==
352,Bernadette,Mills,iOS developer,50,YyyByNoojkkvh2+3
353,Michael,Paterson,Tester,44,x2uoVBB/FkG0JqEoYCg++g==
354,Victor,Fisher,Programmer,32,MlCZpawQCxtniF2j4tOVFp1zXqY=
355,Anne,Scott,Biologist,51,iDQFWg+KpEoh7PrytWZoWQ==
356,Virginia,Skinner,IT,56,u8xmEB1uH5WNSCbSs9YA1A0SKXJfpFEV
357,Matt,Ogden,Programmer,60,LuW7NodZ5oxTT7StckpBv0pbtyc=
358,Joan,Randall,Biologist,55,tRMLG8yKxgwA7tcTysPip0lYyZd6N/rn
359,Jacob,Dowd,Engineer,41,tvvqh9YPbyVii4KRMtmDfA==
360,Leah,Hughes,Engineer,56,uLikLxyfOGPbf8mZcPTw5xDrzLppI1xA
361,Harry,Davidson,Programmer,62,Wokw4mlJ8Jd/QOo8
362,Andrew,Slater,iOS developer,23,yiCqgW7EHYP+3gft7n8=
363,Faith,Quinn,Biologist,29,SwfArXelC7FRKHhd
364,Isaac,Ferguson,Programmer,77,6hASI8Vxy5uurq4jPqfNFxIZ
365,Tim,Hemmings,Automotive Engineer,59,rk3zdGNq+7w25p95jsGMIDxXLBe1HCYV
366,Gavin,Morrison,Automotive Engineer,61,fmYmBvZtSBaeOd/HARL7mA==
367,Caroline,Lyman,Automotive Engineer,77,W5IJaaeP1nBntIGUWV5183rt
368,Christopher,Greene,Tester,54,RaiIT/KU9cX0kcZiDGFVB8IjOGY=
369,Joe,Cameron,Automotive Engineer,65,yuWNEdNN29sKbuHt3d4=
370,Lillian,Newman,iOS developer,60,xDnT6I7CUzOTEk/j
371,Wanda,Ball,Web Developer,62,o6cw44nhKAmeQd/cdG4=
372,Carl,Parsons,iOS developer,30,CoolqRqo4lQaFzZTcTAPLZHXOiQ=
373,Dominic,Skinner,IT,77,mJHGAAwoLv4hkVw8ACygBOcISIOB9feb
374,John,Wilkins,Software Architect,22,zsnJk7wL86sZnrQGfh8=
375,Tim,Taylor,iOS developer,24,xH6GtDV8J00wzrKvMorHXkQLYfs=
376,Wanda,Forsyth,iOS developer,34,rLlrXlHNhKPlxOQUffc=
377,Carl,Morgan,Personal trainer,20,G/RohuHuEeXoKkW1QnsfyGV5VBg=
378,Madeleine,Jones,iOS developer,47,t8CjS73dEkB3dlSn
379,Natalie,Anderson,Biologist,54,8OPVXRExnfXzSm0Xt98=
380,Diana,Nolan,Personal trainer,56,CEoeiy28y4YU3rK/MHO+ohijlh7uWYdx
381,Anne,Churchill,Biologist,25,TWffKA50qntNTM16Z8U=
382,Virginia,Wilkins,Personal trainer,62,CJZgPAO+pCtHufUOO8Vxpg==
383,Grace,Wright,Biologist,62,kfGCaJ8wtFZ2pUXkUaqMrtEzSf0=
384,Ella,Dowd,Personal trainer,21,0fhGI2N+aI4LHlmD
385,Amelia,Underwood,Engineer,58,FTKqievIbeEbzGrBKR/+Eo3K4/k=
386,Liam,McLean,Tester,46,DYQ4iSkR01uM4QDz
387,Anthony,Wilkins,Tester,36,sOjiw2zkvPEMzISR
388,Trevor,Mackenzie,Web Developer,58,Qu8M8fW9bVSyKVy/ocO8tQ==
389,Amanda,Forsyth,Biologist,32,jTwuONxpszrDr2atL98=
390,Zoe,Avery,Web Developer,22,hLfxsNw3yIZf08/xBjYtiA==
391,Michael,Fisher,Engineer,46,FFwXmp6ZZXVr0jgw2Bh5pv+pAhw=
392,Phil,Simpson,Chemist,27,sB4W6Xha3zaiOpyWpr4=
393,Lily,Berry,Programmer,24,YKPtL5OdQW6OdcWAug6qIw==
394,Abigail,James,Software Developer,54,dpnSqKc27ObV2fECfbRI8w==
395,Ruth,Simpson,Chemist,66,PUpOOY3I3CpDRbup
396,Jessica,Bond,Tester,45,YtIvhV1Kr1B6NFwUoqGszVs8jkqoYSIO
397,Eric,McDonald,Software Developer,48,0FjZeVCbkwkRg5xucDavcw==
398,Madeleine,Harris,Programmer,51,9pNMByk5VBACsa0NSIY=
399,Alison,Kelly,Automotive Engineer,32,ByprZ/TTiHLP/7oEUdP0oapXT2U=
400,Kimberly,Underwood,Automotive Engineer,65,vxGayQwLuT0ILxEt23U=
401,Neil,Glover,Programmer,61,vCvyHR6GJnR2teNOvfJ9pA==
402,Molly,Simpson,Automotive Engineer,48,NciCExaCtGUn2I3cY6ueHZ79F/RxVKrh
403,Jack,Mills,Software Developer,77,RIExpJtk42UCIQD8R6giChAuy/L4+MNJ
404,Donna,Avery,Chemist,56,sdXlm4ir6zl1ul1uSH9XKXuyvWAdXOmn
405,Emily,Kerr,IT,53,VRQbsdkPkCdxcVNij1oSHA==
406,Zoe,Grant,Automotive Engineer,49,4HnZrV8SWZ8jzyW0pbQ=
407,Carl,Cameron,Biologist,43,YaP/5xMX3cQY5TsZ
408,Richard,Sutherland,Programmer,43,H5xXaDE4ItUiwpSV/gly+IIonbcT4EPk
409,Blake,Knox,Software Architect,56,Wo3daq6zWcg63MH1
410,Jonathan,Piper,Tester,23,GiY1PeBaUGJO+1N3r9v+rwPVXn0=
411,Neil,Scott,Tester,33,BfV2RvAzmfaTXr8n4dGwST1rZUkVoVY4
412,Mary,James,Engineer,65,3BllFQQkpavMKF2B3DavEA==
413,Andrew,Poole,Biologist,36,WIsR65KSYIucf7Z8wGA=
414,William,Carr,Tester,37,MVdsb4mEud7BElZC
415,Sally,Gibson,Software Architect,44,vcCkIL2cFtN6dHNYVzOqCg==
416,Frank,Glover,Software Developer,28,8CSMm/v8R9SNw78QZvsz6KBjRhXT92Fo
417,Warren,Peters,Chemist,23,IVPKeuNx5NtvC+q1eCkIJQ==
418,Peter,Lambert,iOS developer,42,8Ne84qCgw1apHPpA
419,Christian,Clark,iOS developer,45,fe2ySfnqZJjWNvnJQC4WH4qvCDg=
420,Elizabeth,Clarkson,Software Architect,23,OL3hED7+wj9v+QliX8AUkXbaWhk=
421,Nicholas,Cornish,Web Developer,21,1g7jkKbOl3HzRy0spAjHDvaGXNF6O+iH
422,Nicholas,Hart,Automotive Engineer,40,rGFM4QS1bhw1hZJQcBoFdg==
423,Christian,Morgan,Personal trainer,44,U2HmbL+v4NPs+CF/cKhCZg==
424,Alexandra,Hill,Programmer,48,+3jWiDnEj5vlPW/ZbYl0mGzyhJgs1JrV
425,Grace,Smith,Personal trainer,47,MUoGwzE7brbxQjEVJ3Wzs2a9xOk=
426,Michael,Lewis,Personal trainer,46,UH3jW09NGEXLLcI6eim7solDfR8=
427,Owen,Smith,Chemist,60,TguB477vGtUSruIc
428,Madeleine,Ogden,Tester,43,HVKNnMpX1yDjphc1
429,Austin,Bell,Programmer,27,pXwmM4/yjq2hdEf6
430,Vanessa,Butler,Engineer,22,A4PSIPasTOo9mLButmaesfwBLivF4B7h
431,Lily,Dowd,Web Developer,58,6SfT0S3/57eXM3aBa/hew1hYYpeJKvwx
432,Eric,King,Engineer,49,KLun1RwlpnWtviaeSEU=
433,Nicola,Underwood,IT,32,mwTbh5atAT6LfTF0tipU8+GzaoI=
434,Victor,Poole,IT,50,jMT5bp0vjMEfc2K28PLxr37WOiVKLkfZ
435,Tracey,Dickens,Chemist,33,ZE0fkuQ+8bPQ2XDW2iA2eRGjtQ3mQahq
436,Jason,Brown,Web Developer,69,riezxEBNi8sz1elzrIU=
437,Anne,Martin,Software Developer,38,SXWct7blXT4Z4/99kjBzRQ==
438,Madeleine,Young,Personal trainer,30,97XFrLaCzcdAENwR
439,Richard,Young,Personal trainer,22,pzNYVxytgMgDGHpO
440,Olivia,Martin,Engineer,35,ZRpuHdsDeUOVGSLIwSU=
441,Felicity,Murray,Tester,33,JH2Hi5JJUloU492GUsNPmj3IRpsfpabQ
442,Ella,Butler,Engineer,23,MRWHjh4I8exZ3Pp0JqPO6g==
443,Karen,Bond,Engineer,22,BYhXRUGAc4qLibZW
444,Jake,Campbell,Biologist,54,171+zeKw2rMKDov6rbY=
445,Ian,Ferguson,IT,64,zFr03DTioXHV3zLFT8Z1/g==
446,Jonathan,Ellison,Automotive Engineer,29,WVVyTImX+T899ZmMLn4pgPXU3CJvLCdB
447,Keith,Davies,Tester,25,TUD4IJWebzK40zIo
448,Fiona,Roberts,Software Architect,65,Wg7d3+9PLYeC5eITpFE=
449,Trevor,Thomson,Software Architect,27,wAL+HxDZ/1XTU0ASbmA=
450,Pippa,Chapman,IT,62,nzu47V1OqsNDIW1eIvWlLMWV7RfOFtzY
451,Christopher,Lawrence,Software Developer,39,O1NXX2wnb6JVS6IaamaU9oFjaQjogtP5
452,Jonathan,Fraser,Engineer,22,3xIPjcEnOB/AFPGzXa9WCA==
453,Maria,Robertson,Automotive Engineer,39,w8pJGI8BntjHa1Vt
454,Jessica,Howard,Automotive Engineer,51,p15frs1RO3mlrRcDvOLC1HYIH5N5vQNj
455,Deirdre,Taylor,Chemist,24,GmtFnKYKYYs9PXDaSqpvWSJd8eC3kWgw
456,Isaac,Vance,Personal trainer,37,alV4CRw9kmu2RyUZONs=
457,Charles,Howard,IT,53,7bMiSbjo14TTJ3Z66cXEl+a+o84=
458,Heather,Glover,Chemist,31,ZMBYYWgmKY0ftDNAoJz85Q==
459,Sebastian,Tucker,iOS developer,23,OC/TKAL8vTs2JkQHChPS4IrlJFk=
460,Jasmine,Jackson,iOS developer,22,gv1e0TcsVsON5jJza/4=
461,Claire,Davidson,Engineer,32,4cWk7IQmxnSO9BL4/odQQzeGLHgas18h
462,Anne,Peake,Biologist,64,fAvUZjpjMlcdToDopufooOzR3SXDwClT
463,Blake,Kelly,Automotive Engineer,42,/nL3NzTn6ihJYb/bRHfH5igd8Cx3MWBK
464,Lucas,Terry,Biologist,24,GZY052Vl9unMHnVSY2eF5Q==
465,Abigail,Taylor,Software Architect,33,d73Ru3TGg9MRoc00UUk1wKqua+o=
466,Rachel,Manning,Engineer,34,yUVRouyjnm4fyxat
467,Audrey,Wilson,IT,24,3vztyXDMmObLrO/RSEU=
468,Gabrielle,Henderson,Tester,31,unNNYsq9uUHJT2vj
469,Matt,Lawrence,Personal trainer,39,CxKeqd2kOpXqS6hS
470,Colin,Russell,Programmer,52,qcumsyZumbnu1ZYSUemMMA==
471,Alan,Black,Biologist,34,UDmwrfLB/Xf4KubPu5/I9g==
472,Ryan,Ellison,Software Developer,38,V7MrMZEfEtW3xvP6hWSQoujzqs0E2Rww
473,Evan,Watson,Engineer,27,SNZkzfcDuicJeoT2
474,Emily,Sutherland,Engineer,70,lROOUjj60jvBZKK1EZY=
475,Sue,Vaughan,Biologist,57,T1B9Q+A8gsEGNaa947M=
476,Christopher,Glover,Software Developer,30,NfeVw+IelaOjkU1hlaYDHx50rrE=
477,Andrew,Berry,IT,45,tMhBussan3JjHoqaMrMmXA==
478,Faith,Wilkins,Biologist,29,zr1ET3fHv04vR6BN6ME=
479,Sebastian,Hodges,iOS developer,42,D6Z8bvDcJptkGsFhA0X0UoDjtb8=
480,Jason,Ogden,Web Developer,47,EFP19Xb52UqH9wX2iI8=
481,Jane,Hart,Tester,56,gr9rJMghw9nMe/Bll+0=
482,Thomas,Stewart,IT,38,yQcZlg4Cmh/Y9Ss3pZQ=
483,Sarah,Abraham,Engineer,22,mjIH/RFYXtA+x/Dy
484,Diana,Glover,Personal trainer,53,aDx5lDSTvZL0PZd6
485,Peter,Hunter,Web Developer,77,nW1oUeRI17YTt3K7LmlT
486,Boris,Smith,IT,62,NmESBZy20Oenqwa2
487,Warren,Oliver,Programmer,53,wbb+1PeWmLNMutwgTDUg8Q==
488,Adrian,Lewis,Web Developer,34,OiBqun2r7IaRJ14e
489,Joan,Lee,Software Developer,54,pBKqdZ6n8mLzjmOt
490,Joshua,Bailey,Chemist,47,Kheii9CgPJwthm0STTI=
491,Tracey,Ball,Software Architect,24,Zql5fZdbMYj5MADNPvg=
492,Justin,Sharp,Personal trainer,50,ZriMJLk8eGzwfq7L
493,Nathan,Graham,Tester,22,o5zQRG47I85fZK6gn0I=
494,Adrian,Ross,Personal trainer,41,VwIBXOLFD66X+XUGLpE2VLoXml6EZ3Zl
495,Peter,Paterson,Tester,43,ng5kCkXbgOXhPiZWHkqdyZtE+ko=
496,Justin,Davies,Chemist,58,EPTzF72gkXkSbmhxZds=
497,Jennifer,Henderson,Tester,37,L+qT/Lykl/S+0oTuVGCLOw==
498,Alan,Henderson,Software Architect,56,uZhTwuc9S2VC7JD/
499,Diane,Lambert,Chemist,39,9hQV7RUrolw/TrRt
500,Lillian,Parr,Tester,77,JwIgaJplj6PqVO1KJ33u6lwRjydwwT5D
